person1_ts,person2_ts
-0.063077,-0.085319
-0.063077,-0.085319
-0.079896,-0.11064
-0.079896,-0.11064
-0.090308,-0.13214
-0.092186,-0.14047
-0.092186,-0.14047
-0.093744,-0.14895
-0.096076,-0.15615
-0.10092,-0.16775
-0.10261,-0.17067
-0.10287,-0.17089
-0.10191,-0.16845
-0.10191,-0.16845
-0.10191,-0.16845
-0.095468,-0.16518
-0.095468,-0.16518
-0.088273,-0.16271
-0.088273,-0.16271
-0.080115,-0.15665
-0.080115,-0.15665
-0.080115,-0.15665
-0.067838,-0.13268
-0.067838,-0.13268
-0.062348,-0.10527
-0.062348,-0.10527
-0.058855,-0.069209
-0.058855,-0.069209
-0.057714,-0.048285
-0.056204,-0.026629
-0.056204,-0.026629
-0.04756,0.039846
-0.04756,0.039846
-0.04232,0.061341
-0.034482,0.082086
-0.034482,0.082086
-0.0037862,0.1398
-0.0037862,0.1398
-0.0037862,0.1398
0.041422,0.18384
0.041422,0.18384
0.068061,0.19433
0.068061,0.19433
0.068061,0.19433
0.11096,0.19196
0.11096,0.19196
0.13401,0.18104
0.13401,0.18104
0.13401,0.18104
0.14362,0.14226
0.14362,0.14226
0.14321,0.09441
0.14321,0.09441
0.1417,0.054137
0.13947,0.034456
0.13692,0.013436
0.13383,-0.0059202
0.1311,-0.025993
0.12836,-0.045891
0.12836,-0.045891
0.11708,-0.082153
0.11708,-0.082153
0.099929,-0.11523
0.089318,-0.12944
0.075859,-0.14172
0.060928,-0.15262
0.04377,-0.16358
0.025045,-0.17096
0.025045,-0.17096
-0.016376,-0.17836
-0.016376,-0.17836
-0.067136,-0.17604
-0.067136,-0.17604
-0.10824,-0.17384
-0.12682,-0.172
-0.12682,-0.172
-0.15703,-0.16782
-0.16672,-0.16441
-0.16672,-0.16441
-0.17382,-0.15185
-0.17382,-0.15185
-0.17323,-0.13169
-0.17323,-0.13169
-0.17121,-0.10365
-0.17121,-0.10365
-0.1676,-0.070088
-0.16524,-0.051925
-0.16524,-0.051925
-0.14948,-0.013488
-0.14948,-0.013488
-0.1256,0.019921
-0.11006,0.03665
-0.11006,0.03665
-0.11006,0.03665
-0.049913,0.081971
-0.049913,0.081971
0.0021778,0.10627
0.0021778,0.10627
0.0021778,0.10627
0.074423,0.14039
0.074423,0.14039
0.11299,0.15927
0.11299,0.15927
0.1452,0.16263
0.1452,0.16263
0.16674,0.16237
0.16674,0.16237
0.1716,0.15764
0.1716,0.15764
0.17055,0.14351
0.17055,0.14351
0.17055,0.14351
0.165,0.098256
0.165,0.098256
0.15782,0.071017
0.15782,0.071017
0.15782,0.071017
0.1326,0.01984
0.1326,0.01984
0.10925,-0.016274
0.10925,-0.016274
0.094018,-0.034343
0.07595,-0.053538
0.038424,-0.089354
0.038424,-0.089354
-0.011039,-0.1239
-0.036981,-0.13784
-0.065129,-0.14919
-0.090403,-0.1592
-0.090403,-0.1592
-0.13336,-0.169
-0.13336,-0.169
-0.17165,-0.16688
-0.17165,-0.16688
-0.17165,-0.16688
-0.20281,-0.16265
-0.20281,-0.16265
-0.20281,-0.16265
-0.20387,-0.15404
-0.20387,-0.15404
-0.20387,-0.15404
-0.19849,-0.12934
-0.19849,-0.12934
-0.19266,-0.10188
-0.19266,-0.10188
-0.19266,-0.10188
-0.16222,-0.046929
-0.16222,-0.046929
-0.16222,-0.046929
-0.10731,0.016512
-0.10731,0.016512
-0.059228,0.055694
-0.059228,0.055694
-0.059228,0.055694
0.021143,0.1113
0.021143,0.1113
0.06972,0.1455
0.06972,0.1455
0.06972,0.1455
0.12786,0.17886
0.12786,0.17886
0.15371,0.18475
0.15371,0.18475
0.1711,0.18334
0.1711,0.18334
0.17176,0.17992
0.17104,0.1757
0.17104,0.1757
0.17067,0.15774
0.17067,0.15774
0.16658,0.12572
0.16658,0.12572
0.16004,0.086579
0.16004,0.086579
0.14546,0.053562
0.14546,0.053562
0.12385,0.01789
0.12385,0.01789
0.11027,4.8513e-4
0.096551,-0.016002
0.096551,-0.016002
0.036666,-0.061554
0.036666,-0.061554
-0.0092874,-0.085877
-0.0092874,-0.085877
-0.03401,-0.098437
-0.0587,-0.10773
-0.10393,-0.12589
-0.10393,-0.12589
-0.14127,-0.13436
-0.14127,-0.13436
-0.17128,-0.13292
-0.17128,-0.13292
-0.17128,-0.13292
-0.19268,-0.12901
-0.19268,-0.12901
-0.19194,-0.12736
-0.19116,-0.12556
-0.18988,-0.11734
-0.18988,-0.11734
-0.18767,-0.11
-0.18497,-0.10125
-0.18497,-0.10125
-0.1779,-0.076088
-0.17132,-0.060192
-0.14786,-0.025026
-0.14786,-0.025026
-0.1316,-0.0072976
-0.11204,0.010781
-0.090615,0.028811
-0.066585,0.045998
-0.039652,0.061978
-0.010883,0.077428
0.016599,0.091871
0.04672,0.1049
0.077281,0.11787
0.10228,0.12862
0.12668,0.13795
0.14533,0.14758
0.14533,0.14758
0.17403,0.15929
0.18697,0.15967
0.18697,0.15967
0.20011,0.15903
0.20018,0.15852
0.19958,0.15526
0.19914,0.15006
0.19777,0.14217
0.19613,0.13021
0.19381,0.11338
0.19123,0.10018
0.18642,0.088308
0.17977,0.076865
0.1717,0.061757
0.16278,0.046119
0.15366,0.029202
0.15366,0.029202
0.12948,-0.0087714
0.11496,-0.027028
0.11496,-0.027028
0.078465,-0.065022
0.053146,-0.081935
0.026744,-0.099847
-0.0022812,-0.11642
-0.033833,-0.1308
-0.068563,-0.14168
-0.10444,-0.15144
-0.13426,-0.15819
-0.13426,-0.15819
-0.19729,-0.15813
-0.2248,-0.15804
-0.25008,-0.15731
-0.26846,-0.15604
-0.27908,-0.15438
-0.28635,-0.1527
-0.28636,-0.15056
-0.28702,-0.14857
-0.28702,-0.14857
-0.28623,-0.13726
-0.28623,-0.13726
-0.28265,-0.11865
-0.28265,-0.11865
-0.26927,-0.091883
-0.25755,-0.075165
-0.25755,-0.075165
-0.2244,-0.039973
-0.20308,-0.020934
-0.20308,-0.020934
-0.15034,0.017271
-0.1217,0.034245
-0.089513,0.05149
-0.057109,0.06747
-0.022475,0.083215
0.0076547,0.098058
0.03618,0.11143
0.066221,0.12429
0.092992,0.13683
0.092992,0.13683
0.1349,0.1625
0.1349,0.1625
0.16605,0.17045
0.16605,0.17045
0.18943,0.16944
0.18943,0.16944
0.20101,0.16759
0.20101,0.16759
0.2005,0.15921
0.19947,0.15299
0.19813,0.14381
0.19434,0.13161
0.19434,0.13161
0.18035,0.098325
0.16949,0.084654
0.16949,0.084654
0.13765,0.057626
0.11786,0.043369
0.11786,0.043369
0.070966,0.012916
0.040318,-7.9857e-4
0.011625,-0.015985
-0.01875,-0.030737
-0.01875,-0.030737
-0.081591,-0.058861
-0.081591,-0.058861
-0.13902,-0.08256
-0.13902,-0.08256
-0.18764,-0.10444
-0.18764,-0.10444
-0.22901,-0.1206
-0.24174,-0.12792
-0.24959,-0.13061
-0.25238,-0.13139
-0.25238,-0.13139
-0.25119,-0.12863
-0.25119,-0.12863
-0.24653,-0.12652
-0.24653,-0.12652
-0.22798,-0.12339
-0.22798,-0.12339
-0.19451,-0.12013
-0.17274,-0.1147
-0.17274,-0.1147
-0.11962,-0.1007
-0.11962,-0.1007
-0.050811,-0.079882
-0.050811,-0.079882
0.015783,-0.053545
0.015783,-0.053545
0.08784,-0.023442
0.11686,-0.0068595
0.11686,-0.0068595
0.16223,0.02531
0.16223,0.02531
0.19591,0.056139
0.19591,0.056139
0.21725,0.084578
0.22257,0.09852
0.22526,0.11159
0.22361,0.12533
0.22328,0.13908
0.22015,0.15253
0.21494,0.16046
0.20583,0.16282
0.20583,0.16282
0.17942,0.16711
0.17942,0.16711
0.14014,0.16392
0.11289,0.15868
0.11289,0.15868
0.055577,0.13901
0.055577,0.13901
-0.011707,0.10353
-0.011707,0.10353
-0.07853,0.077016
-0.07853,0.077016
-0.13762,0.047093
-0.13762,0.047093
-0.18375,0.014762
-0.18375,0.014762
-0.21745,-0.016298
-0.21745,-0.016298
-0.21745,-0.016298
-0.2369,-0.059353
-0.2369,-0.059353
-0.23443,-0.084572
-0.23443,-0.084572
-0.22854,-0.1082
-0.21969,-0.12028
-0.21969,-0.12028
-0.19009,-0.13401
-0.19009,-0.13401
-0.19009,-0.13401
-0.11887,-0.1375
-0.11887,-0.1375
-0.11887,-0.1375
-0.021932,-0.1329
-0.021932,-0.1329
0.049384,-0.12653
0.049384,-0.12653
0.049384,-0.12653
0.14611,-0.10154
0.14611,-0.10154
0.19154,-0.074915
0.19154,-0.074915
0.20787,-0.05816
0.22239,-0.040267
0.23932,-0.0020578
0.23932,-0.0020578
0.23932,-0.0020578
0.24346,0.060312
0.24346,0.060312
0.24023,0.099341
0.24023,0.099341
0.23473,0.11526
0.22737,0.12989
0.21703,0.14448
0.20435,0.16088
0.20435,0.16088
0.14359,0.16262
0.14359,0.16262
0.14359,0.16262
0.045066,0.1521
0.045066,0.1521
-0.029208,0.14634
-0.029208,0.14634
-0.065455,0.14368
-0.10519,0.13866
-0.13945,0.13269
-0.17029,0.12557
-0.22395,0.098226
-0.22395,0.098226
-0.25802,0.077729
-0.25802,0.077729
-0.26673,0.065052
-0.26845,0.053722
-0.26845,0.053722
-0.26644,0.026005
-0.26165,0.011806
-0.25295,-0.0017872
-0.23955,-0.016432
-0.22032,-0.032019
-0.198,-0.047451
-0.198,-0.047451
-0.13905,-0.075617
-0.10283,-0.086832
-0.064927,-0.10019
-0.025498,-0.11041
0.015624,-0.12095
0.059238,-0.12893
0.10087,-0.13504
0.13934,-0.13674
0.17118,-0.1371
0.19921,-0.13505
0.22218,-0.13391
0.23946,-0.13286
0.25161,-0.1315
0.26029,-0.13028
0.26641,-0.12922
0.26641,-0.12922
0.26586,-0.12746
0.26586,-0.12746
0.26051,-0.12136
0.253,-0.11594
0.253,-0.11594
0.22677,-0.098579
0.20905,-0.086285
0.20905,-0.086285
0.15984,-0.058152
0.12831,-0.041799
0.12831,-0.041799
0.055109,-0.004732
0.055109,-0.004732
-0.028035,0.030182
-0.028035,0.030182
-0.067675,0.047258
-0.10826,0.063883
-0.17503,0.096581
-0.20147,0.11386
-0.22417,0.12895
-0.23992,0.14899
-0.23992,0.14899
-0.25905,0.18115
-0.25905,0.18115
-0.25706,0.20773
-0.25433,0.22009
-0.25433,0.22009
-0.23731,0.2491
-0.22214,0.26371
-0.22214,0.26371
-0.17872,0.29089
-0.15142,0.29843
-0.15142,0.29843
-0.080926,0.31046
-0.0419,0.31324
-0.0011797,0.31414
0.042493,0.31311
0.042493,0.31311
0.13171,0.31295
0.16179,0.31214
0.19403,0.3113
0.21749,0.3095
0.21749,0.3095
0.25037,0.30525
0.25037,0.30525
0.26618000000000003,0.29522
0.26681,0.28748
0.26681,0.28748
0.26278,0.26338
0.25766,0.24698
0.25766,0.24698
0.23585,0.20729
0.23585,0.20729
0.19657,0.15961
0.17298,0.13255
0.17298,0.13255
0.1054,0.080184
0.1054,0.080184
0.027686,0.045347
-0.01591,0.029953
-0.056089,0.016305
-0.097335,0.0036717
-0.097335,0.0036717
-0.16694,-0.018901
-0.16694,-0.018901
-0.21559,-0.043471
-0.23411,-0.053217
-0.23411,-0.053217
-0.25636,-0.074617
-0.25796,-0.083703
-0.25796,-0.083703
-0.25549,-0.10655
-0.25324,-0.1178
-0.24691,-0.13096
-0.23732,-0.14114
-0.22317,-0.15258
-0.20538,-0.16303
-0.20538,-0.16303
-0.16071,-0.1822
-0.13255,-0.18915
-0.13255,-0.18915
-0.065477,-0.19997
-0.031513,-0.20303
0.0052628,-0.20441
0.044853,-0.20448
0.044853,-0.20448
0.12525,-0.20158
0.15837,-0.2001
0.18904,-0.19835
0.21462,-0.19602
0.21462,-0.19602
0.24993,-0.18344
0.24993,-0.18344
0.26822,-0.1625
0.26822,-0.1625
0.26822,-0.1625
0.26834,-0.11406
0.26834,-0.11406
0.25651,-0.072637
0.25651,-0.072637
0.24429,-0.049966000000000003
0.20462,-0.0066308
0.20462,-0.0066308
0.14551,0.039502
0.14551,0.039502
0.066311,0.081602
0.020011,0.10216
-0.025468,0.12132
-0.069104,0.13981
-0.069104,0.13981
-0.15197,0.18395
-0.15197,0.18395
-0.15197,0.18395
-0.24123,0.22738
-0.24123,0.22738
-0.27358,0.25416
-0.28083,0.26663
-0.28083,0.26663
-0.27813,0.28391
-0.27813,0.28391
-0.27813,0.28391
-0.26064,0.29885
-0.26064,0.29885
-0.22584,0.29907
-0.22584,0.29907
-0.17675,0.299
-0.17675,0.299
-0.17675,0.299
-0.064021,0.29724
-0.064021,0.29724
0.02509,0.29573
0.073665,0.29446
0.073665,0.29446
0.15202,0.29028
0.15202,0.29028
0.20743,0.27585
0.20743,0.27585
0.24044,0.24935
0.24044,0.24935
0.25107,0.21094
0.25107,0.21094
0.24773,0.16309
0.24773,0.16309
0.23526,0.098403
0.23526,0.098403
0.23526,0.098403
0.17989,0.02847
0.17989,0.02847
0.11545,-0.0086593
0.11545,-0.0086593
0.03415,-0.041209
0.03415,-0.041209
-0.05488,-0.076347
-0.05488,-0.076347
-0.14179,-0.10812
-0.14179,-0.10812
-0.21272,-0.14142
-0.21272,-0.14142
-0.21272,-0.14142
-0.27176,-0.18651
-0.27176,-0.18651
-0.27176,-0.18651
-0.27392,-0.22046
-0.27392,-0.22046
-0.27392,-0.22046
-0.24183,-0.23505
-0.24183,-0.23505
-0.24183,-0.23505
-0.16974,-0.23176
-0.16974,-0.23176
-0.13747,-0.22971
-0.10038,-0.22769
-0.10038,-0.22769
0.031425,-0.22053
0.031425,-0.22053
0.031425,-0.22053
0.12017,-0.21102
0.15523,-0.2041
0.15523,-0.2041
0.23045,-0.17244
0.23045,-0.17244
0.24549,-0.15895
0.2537,-0.14401
0.25653,-0.11011
0.25653,-0.11011
0.25263,-0.072178
0.25263,-0.072178
0.25263,-0.072178
0.21619,-0.0050191
0.21619,-0.0050191
0.17214,0.041918
0.17214,0.041918
0.14114,0.063925
0.1054,0.083712
0.1054,0.083712
0.024179,0.1251
-0.018015,0.14454
-0.018015,0.14454
-0.1026,0.19648
-0.13856,0.21666
-0.13856,0.21666
-0.19184,0.25349
-0.21247,0.27212
-0.2252,0.28685
-0.23084,0.29999
-0.23034,0.30919
-0.22767,0.31505
-0.22439,0.31692
-0.21613,0.31654
-0.21613,0.31654
-0.18695,0.31675
-0.16705,0.31543
-0.16705,0.31543
-0.11622,0.31141
-0.11622,0.31141
-0.047964,0.30213
-0.013544,0.29289
0.023426,0.28014
0.06393,0.26415
0.10405,0.24498
0.13581,0.22227
0.16607,0.19758
0.19438,0.17077
0.21597,0.13848
0.23494,0.10109
0.24955,0.069079
0.24955,0.069079
0.26391,0.023505
0.26561,0.0018143
0.26389,-0.018859
0.26149,-0.034555
0.25627,-0.050151
0.24709,-0.065331
0.235,-0.079224
0.235,-0.079224
0.19873,-0.11119
0.17348,-0.12585
0.14343,-0.14015
0.10901,-0.15323
0.070788,-0.16559
0.02614,-0.17852
0.02614,-0.17852
-0.067444,-0.2009
-0.10837,-0.20996
-0.10837,-0.20996
-0.1792,-0.22502
-0.1792,-0.22502
-0.21885,-0.23372
-0.2307,-0.23359
-0.23529,-0.23408
-0.23384,-0.23385
-0.23384,-0.23385
-0.22614,-0.23076
-0.22614,-0.23076
-0.20196,-0.22685
-0.20196,-0.22685
-0.1615,-0.22026
-0.1615,-0.22026
-0.10779,-0.20741
-0.075275,-0.19812
-0.075275,-0.19812
-0.0050067,-0.17354
0.033157,-0.15794
0.071,-0.14111
0.10303,-0.12336
0.13502,-0.10368
0.1613,-0.084363
0.18567,-0.063549
0.2045,-0.042985
0.22094,-0.022839
0.23355,-0.0024431
0.24128,0.017743
0.24393,0.037642
0.24213,0.055692
0.24002,0.072687
0.24002,0.072687
0.22701,0.10549
0.22701,0.10549
0.19656,0.13262
0.19656,0.13262
0.1487,0.16358
0.11605,0.18068
0.11605,0.18068
0.039706,0.204
0.039706,0.204
-0.046454,0.22638
-0.046454,0.22638
-0.13088,0.24794
-0.13088,0.24794
-0.19685,0.26753
-0.19685,0.26753
-0.24165,0.27967
-0.24165,0.27967
-0.26088,0.2852
-0.25899,0.2847
-0.25899,0.2847
-0.25276,0.28279
-0.25276,0.28279
-0.22883,0.28058
-0.22883,0.28058
-0.18489,0.27458
-0.1567,0.26755
-0.1567,0.26755
-0.083676,0.24571
-0.083676,0.24571
-0.0057665,0.21217
-0.0057665,0.21217
0.080693,0.16819
0.080693,0.16819
0.15547,0.10687
0.18431,0.078357
0.18431,0.078357
0.22585,0.038125
0.22585,0.038125
0.24663,6.5083e-4
0.24663,6.5083e-4
0.24656,-0.030019
0.24656,-0.030019
0.2332,-0.056837
0.2187,-0.072151
0.2187,-0.072151
0.17427,-0.096137
0.17427,-0.096137
0.10403,-0.12036
0.063466,-0.13219
0.015388,-0.14356
-0.029294,-0.15469
-0.029294,-0.15469
-0.11564,-0.17901
-0.11564,-0.17901
-0.18535,-0.20037
-0.21455,-0.20944
-0.23814,-0.21802
-0.25677,-0.22516
-0.25677,-0.22516
-0.25677,-0.22516
-0.26644,-0.23354
-0.26644,-0.23354
-0.25703,-0.23392
-0.25703,-0.23392
-0.25703,-0.23392
-0.21269,-0.22991
-0.21269,-0.22991
-0.1655,-0.22582
-0.1655,-0.22582
-0.10626,-0.21696
-0.10626,-0.21696
-0.035013,-0.19996
-0.035013,-0.19996
0.042268,-0.17473
0.042268,-0.17473
0.083047,-0.15924
0.14625,-0.12469
0.14625,-0.12469
0.14625,-0.12469
0.21318,-0.066349
0.21318,-0.066349
0.21318,-0.066349
0.23397,-0.014218
0.23397,-0.014218
0.22572,0.018361
0.22572,0.018361
0.20777,0.047601
0.20777,0.047601
0.16763,0.074718
0.16763,0.074718
0.16763,0.074718
0.071296,0.11656
0.071296,0.11656
-0.010681,0.14722
-0.010681,0.14722
-0.051812,0.16321
-0.13175,0.19758
-0.13175,0.19758
-0.1924,0.22155
-0.1924,0.22155
-0.23689,0.24731
-0.23689,0.24731
-0.25345,0.27231
-0.25345,0.27231
-0.24847,0.29154
-0.24131,0.29676
-0.24131,0.29676
-0.21317,0.30462
-0.21317,0.30462
-0.16526,0.30453
-0.13363,0.30387
-0.13363,0.30387
-0.13363,0.30387
-0.015138,0.3009
-0.015138,0.3009
0.079558,0.29646
0.11855,0.29314
0.11855,0.29314
0.15775,0.28651
0.19192,0.27752
0.24298,0.24899
0.24298,0.24899
0.24298,0.24899
0.27139,0.18285
0.27139,0.18285
0.26938,0.15526
0.26712,0.12344
0.25905,0.062486
0.25905,0.062486
0.25905,0.062486
0.21706,0.0063509
0.21706,0.0063509
0.16953,-0.021622
0.16953,-0.021622
0.10224,-0.047347
0.10224,-0.047347
0.020635,-0.067488
0.020635,-0.067488
-0.062817,-0.0867
-0.062817,-0.0867
-0.062817,-0.0867
-0.17606,-0.11662
-0.17606,-0.11662
-0.17606,-0.11662
-0.23805,-0.14233
-0.23805,-0.14233
-0.24352,-0.15379
-0.24352,-0.15379
-0.2409,-0.15873
-0.23406,-0.16148
-0.20472,-0.16447
-0.20472,-0.16447
-0.1825,-0.16427
-0.15556,-0.16363
-0.087692,-0.16089
-0.043936,-0.15881
-0.043936,-0.15881
0.041009,-0.15471
0.086194,-0.15214
0.12253,-0.14947
0.15821,-0.14551
0.18987,-0.1388
0.21472,-0.13043
0.23541,-0.11895
0.24821,-0.10533
0.25591,-0.08965
0.25591,-0.08965
0.25591,-0.08965
0.25256,-0.032928
0.24697,-0.013004
0.23783,0.0069096
0.23783,0.0069096
0.20689,0.042867
0.20689,0.042867
0.1553,0.073204
0.12101,0.089069
0.082152,0.10469
0.040904,0.12317
0.040904,0.12317
-0.053578,0.15421
-0.053578,0.15421
-0.1399,0.18149
-0.17602,0.19514
-0.20482,0.20717
-0.22549,0.21871
-0.22549,0.21871
-0.25015,0.23968
-0.24945,0.24736
-0.24945,0.24736
-0.24053,0.25778
-0.24053,0.25778
-0.24053,0.25778
-0.19438,0.25804
-0.19438,0.25804
-0.14246,0.25544
-0.14246,0.25544
-0.14246,0.25544
-0.040014,0.24513
-0.040014,0.24513
0.034722,0.22896
0.034722,0.22896
0.11101,0.20268
0.1455,0.18578
0.17355,0.16577
0.19718,0.14121
0.21815,0.11244
0.21815,0.11244
0.24014,0.067106
0.24014,0.067106
0.24014,0.067106
0.24047,0.027093
0.23818,0.0072872
0.22482,-0.032323
0.22482,-0.032323
0.21209,-0.050271
0.19602,-0.069997
0.14907,-0.11038
0.14907,-0.11038
0.14907,-0.11038
0.043305,-0.16428
0.043305,-0.16428
-0.046709,-0.1975
-0.046709,-0.1975
-0.13188,-0.22419
-0.13188,-0.22419
-0.2014,-0.23323
-0.22583,-0.23106
-0.24661,-0.23128
-0.24661,-0.23128
-0.24661,-0.23128
-0.26145,-0.22818
-0.26145,-0.22818
-0.25948,-0.22636
-0.25197,-0.22434
-0.25197,-0.22434
-0.1993,-0.21444
-0.1993,-0.21444
-0.14055,-0.20668
-0.14055,-0.20668
-0.14055,-0.20668
-0.02161,-0.17673
-0.02161,-0.17673
-0.02161,-0.17673
0.066295,-0.14533
0.1072,-0.12703
0.1072,-0.12703
0.17736,-0.083942
0.20733,-0.059756
0.22781,-0.033457
0.24327,-0.0068851
0.25266,0.017203
0.25806,0.042752
0.25793,0.067172
0.25611,0.090355
0.25235,0.11313
0.245,0.1354
0.245,0.1354
0.2163,0.18715
0.19643,0.20789
0.17122,0.2211
0.14079,0.23791
0.10542,0.25374
0.066601,0.2678
0.022279,0.27797
-0.02631,0.28895
-0.07017,0.29223
-0.11174,0.29199
-0.15152,0.29239
-0.18389,0.29163
-0.21041,0.28999
-0.22606,0.28736
-0.22606,0.28736
-0.24161,0.27532
-0.23832,0.26599
-0.23544,0.25328
-0.22719,0.23704
-0.21505,0.21717
-0.19871,0.19518
-0.19871,0.19518
-0.15311,0.13809
-0.12698,0.10176
-0.12698,0.10176
-0.062641,0.049937
-0.062641,0.049937
0.0052289,0.0072806
0.03922,-0.012657
0.074962,-0.028285
0.10319,-0.043056
0.10319,-0.043056
0.15323,-0.071282
0.17264,-0.081688
0.18596,-0.095407
0.19716,-0.10925
0.20433,-0.12229
0.20881,-0.13752
0.20881,-0.13752
0.20868,-0.16317
0.20868,-0.16317
0.20072,-0.18895
0.20072,-0.18895
0.17994,-0.21161
0.17994,-0.21161
0.14387,-0.22319
0.14387,-0.22319
0.092588,-0.22157
0.065101,-0.22093
0.065101,-0.22093
-0.0039976,-0.218
-0.0039976,-0.218
-0.074681,-0.21301
-0.10844,-0.21012
-0.14128,-0.20521
-0.16813,-0.20151
-0.19029,-0.19223
-0.21018,-0.18063
-0.21018,-0.18063
-0.23418,-0.14714
-0.23418,-0.14714
-0.23363,-0.10069
-0.23363,-0.10069
-0.22846,-0.042831
-0.22846,-0.042831
-0.20906,0.018602
-0.19243,0.046405
-0.19243,0.046405
-0.15004,0.095549
-0.15004,0.095549
-0.094343,0.13914
-0.094343,0.13914
-0.024506,0.18181
0.011527,0.19981
0.011527,0.19981
0.084124,0.2209
0.1131,0.23199
0.1131,0.23199
0.1624,0.24279
0.1624,0.24279
0.19677,0.24066
0.2089,0.23754
0.21855,0.23144
0.22491,0.22232
0.22491,0.22232
0.22885,0.19233
0.22712,0.17355
0.22712,0.17355
0.22555,0.14978
0.21235,0.08597
0.21235,0.08597
0.18763,0.042361
0.18763,0.042361
0.14727,-7.6907e-4
0.14727,-7.6907e-4
0.089354,-0.036261
0.057721,-0.051788
0.057721,-0.051788
-0.014163,-0.080948
-0.014163,-0.080948
-0.086668,-0.11049
-0.086668,-0.11049
-0.086668,-0.11049
-0.17686,-0.15118
-0.17686,-0.15118
-0.17686,-0.15118
-0.23664,-0.18742
-0.23664,-0.18742
-0.24898,-0.20361
-0.24666,-0.20856
-0.24666,-0.20856
-0.24127,-0.20999
-0.24127,-0.20999
-0.24127,-0.20999
-0.20312,-0.20614
-0.20312,-0.20614
-0.18171,-0.20474
-0.15779,-0.20333
-0.10091,-0.19516
-0.10091,-0.19516
-0.10091,-0.19516
7.4461e-4,-0.16641
7.4461e-4,-0.16641
0.03296,-0.15188
0.068366,-0.13513
0.068366,-0.13513
0.1506,-0.074628
0.1506,-0.074628
0.17116,-0.052535
0.1865,-0.031193
0.20941,0.010739
0.20941,0.010739
0.21962,0.048117
0.21962,0.048117
0.21693,0.080693
0.21693,0.080693
0.21087,0.1081
0.21087,0.1081
0.19239,0.13293
0.19239,0.13293
0.19239,0.13293
0.1401,0.166
0.1401,0.166
0.086346,0.17767
0.086346,0.17767
0.086346,0.17767
-0.020228,0.17398
-0.020228,0.17398
-0.098909,0.15417
-0.098909,0.15417
-0.16283,0.11919
-0.16283,0.11919
-0.20809,0.083605
-0.20809,0.083605
-0.23131,0.041305
-0.23131,0.041305
-0.23131,0.041305
-0.22715,-0.016995
-0.22715,-0.016995
-0.22079,-0.036635
-0.21001,-0.055884
-0.17705,-0.091453
-0.17705,-0.091453
-0.12964,-0.12266
-0.12964,-0.12266
-0.12964,-0.12266
-0.067783,-0.15306
-0.033318,-0.16504
-0.033318,-0.16504
0.068999,-0.19904
0.068999,-0.19904
0.068999,-0.19904
0.1629,-0.20972
0.1629,-0.20972
0.1629,-0.20972
0.20792,-0.20678
0.22379,-0.20528
0.23383,-0.20397
0.24109,-0.20157
0.24377,-0.19715
0.24227,-0.19238
0.2409,-0.18475
0.23865,-0.1744
0.2326,-0.16124
0.22324,-0.14544
0.21095,-0.1273
0.19512,-0.10684
0.17616,-0.084478
0.15375,-0.059699
0.12739,-0.033695
0.098151,-0.0075939
0.064169,0.014641
0.027583,0.039232
-0.011985,0.062001
-0.011985,0.062001
-0.085865,0.10372
-0.12015,0.12376
-0.14908,0.14259
-0.17368,0.1615
-0.19364,0.17943
-0.20783,0.19388
-0.20783,0.19388
-0.21564,0.20411
-0.2129,0.20612
-0.20915,0.20461
-0.20123,0.20177
-0.20123,0.20177
-0.17384,0.18913
-0.15448,0.17853
-0.13136,0.16461
-0.10485,0.14641
-0.10485,0.14641
-0.038034,0.096226
-0.0047502,0.07725
0.029909,0.056938
0.06821,0.036156
0.10294,0.014886
0.13306,-0.0051989
0.15826,-0.024668
0.18121,-0.04453
0.18121,-0.04453
0.21502,-0.077912
0.2261,-0.093032
0.2261,-0.093032
0.23651,-0.12393
0.23583,-0.13616
0.23583,-0.13616
0.23145,-0.15416
0.22586,-0.16063
0.2161,-0.16306
0.20379,-0.16266
0.20379,-0.16266
0.16832,-0.16025
0.16832,-0.16025
0.11526,-0.15644
0.085377,-0.15348
0.085377,-0.15348
0.014056,-0.14017
-0.022787,-0.13055
-0.022787,-0.13055
-0.097049,-0.10447
-0.12793,-0.087043
-0.12793,-0.087043
-0.1788,-0.04671
-0.1788,-0.04671
-0.205,-0.0043287
-0.20794,0.017416
-0.20794,0.017416
-0.20252,0.063008
-0.19693,0.082238
-0.19693,0.082238
-0.18705,0.099446
-0.1734,0.11553
-0.13412,0.13816
-0.11033,0.14526
-0.081678,0.14891
-0.048478,0.14667
-0.048478,0.14667
0.014769,0.12865
0.014769,0.12865
0.088597,0.10721
0.088597,0.10721
0.1469,0.074229
0.17327,0.055944
0.17327,0.055944
0.21679,0.019085
0.21679,0.019085
0.2453,-0.021072
0.2453,-0.021072
0.25682,-0.05762
0.25682,-0.05762
0.25376,-0.090338
0.25376,-0.090338
0.24819,-0.11921
0.23996,-0.1305
0.23996,-0.1305
0.21585,-0.14401
0.21585,-0.14401
0.17763,-0.14818
0.17763,-0.14818
0.12248,-0.14627
0.12248,-0.14627
0.050511,-0.14264
0.010059,-0.1407
0.010059,-0.1407
-0.06835,-0.12892
-0.06835,-0.12892
-0.14129,-0.10831
-0.14129,-0.10831
-0.19922,-0.077782
-0.21996,-0.058232
-0.21996,-0.058232
-0.2462,-0.012751
-0.2462,-0.012751
-0.24488,0.040521
-0.24488,0.040521
-0.23337,0.092009
-0.23337,0.092009
-0.20538,0.14548
-0.20538,0.14548
-0.20538,0.14548
-0.13088,0.21404
-0.13088,0.21404
-0.064039,0.24282
-0.064039,0.24282
0.008619,0.25791
0.048366,0.25794
0.048366,0.25794
0.11707,0.25405
0.11707,0.25405
0.17559,0.24299
0.17559,0.24299
0.17559,0.24299
0.22648,0.20458
0.22648,0.20458
0.22648,0.20458
0.2489,0.13289
0.2489,0.13289
0.24705,0.069965
0.24705,0.069965
0.24705,0.069965
0.23234,0.0018683
0.23234,0.0018683
0.20771,-0.037253
0.20771,-0.037253
0.16953,-0.078725
0.16953,-0.078725
0.16953,-0.078725
0.081296,-0.13465
0.081296,-0.13465
0.0034414,-0.16712
0.0034414,-0.16712
-0.076131,-0.19454
-0.076131,-0.19454
-0.076131,-0.19454
-0.17697,-0.21383
-0.17697,-0.21383
-0.21553,-0.21209
-0.21553,-0.21209
-0.22715,-0.21022
-0.22715,-0.21022
-0.22715,-0.21022
-0.21269,-0.20344
-0.21269,-0.20344
-0.18257,-0.19112
-0.18257,-0.19112
-0.13653,-0.16909
-0.13653,-0.16909
-0.13653,-0.16909
-0.04082,-0.11459
-0.04082,-0.11459
0.030672,-0.065106
0.030672,-0.065106
0.10023,-0.0099975
0.10023,-0.0099975
0.13049,0.01716
0.15739,0.044507
0.15739,0.044507
0.21909,0.11712
0.21909,0.11712
0.2377,0.16212
0.2377,0.16212
0.23793,0.20756
0.23793,0.20756
0.23378,0.24147
0.23378,0.24147
0.23378,0.24147
0.21532,0.2735
0.21532,0.2735
0.18233,0.30107
0.15972,0.31096
0.13241,0.31698
0.10319,0.31828
0.033533,0.31553
0.033533,0.31553
-0.041728,0.31237
-0.041728,0.31237
-0.11186,0.30247
-0.11186,0.30247
-0.11186,0.30247
-0.18915,0.26725
-0.18915,0.26725
-0.18915,0.26725
-0.21614,0.20645
-0.21614,0.20645
-0.21614,0.20645
-0.20376,0.12253
-0.20376,0.12253
-0.17922,0.07317
-0.17922,0.07317
-0.17922,0.07317
-0.11403,0.012227
-0.11403,0.012227
-0.084044,-0.0043816
-0.050176,-0.020554
-0.01611,-0.03518
0.020303,-0.048463
0.020303,-0.048463
0.094649,-0.078826
0.12897,-0.091761
0.12897,-0.091761
0.18977,-0.12139
0.21234,-0.13625
0.21234,-0.13625
0.24809,-0.16186
0.25643,-0.17472
0.25643,-0.17472
0.25882,-0.19544
0.25744,-0.20367
0.25406,-0.20807
0.24704,-0.21021
0.23658,-0.2112
0.22307,-0.20926
0.22307,-0.20926
0.1854,-0.20739
0.16164,-0.20565
0.13454,-0.20437
0.10279,-0.20292
0.068813,-0.19933
0.032416,-0.19454
-0.0053688,-0.18755
-0.043818,-0.178
-0.082842,-0.16584
-0.11332,-0.15049
-0.14292,-0.13252
-0.16749,-0.11168
-0.16749,-0.11168
-0.1938,-0.062449
-0.19715,-0.034656
-0.19715,-0.034656
-0.19265,0.020949
-0.18741,0.047056
-0.18741,0.047056
-0.16393,0.098778
-0.14696,0.1227
-0.12664,0.14541
-0.10343,0.16915
-0.10343,0.16915
-0.048901,0.20903
-0.0187,0.2226
0.0079138,0.2352
0.0079138,0.2352
0.069426,0.25403
0.092752,0.25897
0.092752,0.25897
0.14058,0.25742
0.14058,0.25742
0.1734,0.25246
0.18306,0.24657
0.18306,0.24657
0.18857,0.22554
0.1868,0.20939
0.1868,0.20939
0.18186,0.16951
0.17466,0.14381
0.16433,0.11209
0.15051,0.080623
0.13259,0.057671
0.11167,0.03708
0.089468,0.015518
0.063244,-0.0042079
0.033502,-0.022681
0.0048762,-0.040783
-0.02385,-0.059364
-0.02385,-0.059364
-0.084693,-0.096898
-0.084693,-0.096898
-0.13025,-0.13132
-0.15095,-0.1481
-0.15095,-0.1481
-0.18354,-0.17726
-0.19178,-0.18813
-0.19178,-0.18813
-0.18763,-0.20328
-0.17806,-0.20694
-0.17806,-0.20694
-0.14542,-0.2055
-0.14542,-0.2055
-0.10196,-0.20314
-0.10196,-0.20314
-0.049615,-0.19829
-0.049615,-0.19829
0.0076529,-0.18668
0.037617,-0.17736
0.037617,-0.17736
0.08832,-0.14916
0.08832,-0.14916
0.13088,-0.10959
0.13088,-0.10959
0.15716,-0.058453
0.16263,-0.030646
0.16263,-0.030646
0.1609,0.02455
0.15879,0.050978
0.15879,0.050978
0.14339,0.099577
0.13195,0.12111
0.13195,0.12111
0.09665,0.15794
0.09665,0.15794
0.048714,0.19035
0.048714,0.19035
-0.0078316,0.20395
-0.037353,0.20552
-0.037353,0.20552
-0.091136,0.20055
-0.091136,0.20055
-0.13111,0.18436
-0.14549,0.17001
-0.14549,0.17001
-0.15799,0.12418
-0.15799,0.12418
-0.15356,0.076015
-0.15356,0.076015
-0.13792,0.029833
-0.13792,0.029833
-0.10887,-0.0186
-0.10887,-0.0186
-0.067595,-0.065269
-0.041993,-0.087065
-0.041993,-0.087065
0.01146,-0.12535
0.01146,-0.12535
0.067213,-0.15402
0.067213,-0.15402
0.11228,-0.17404
0.11228,-0.17404
0.14502,-0.18102
0.14502,-0.18102
0.15892,-0.17873
0.15854,-0.17782
0.15854,-0.17782
0.15584,-0.17337
0.15584,-0.17337
0.1473,-0.1607
0.13777,-0.15147
0.13777,-0.15147
0.11176,-0.12562
0.11176,-0.12562
0.073797,-0.089195
0.073797,-0.089195
0.026528,-0.041839
0.026528,-0.041839
-0.027296,0.010135
-0.027296,0.010135
-0.084767,0.065172
-0.10703,0.087287
-0.10703,0.087287
-0.12932,0.1096
-0.14687,0.12853
-0.16737,0.15838
-0.16894,0.17071
-0.16894,0.17071
-0.16617,0.17818
-0.15858,0.17447
-0.15858,0.17447
-0.13507,0.15682
-0.11581,0.14547
-0.11581,0.14547
-0.067007,0.11233
-0.067007,0.11233
-0.011803,0.076328
-0.011803,0.076328
0.051338,0.039095
0.051338,0.039095
0.1025,-0.0045001
0.1025,-0.0045001
0.12759,-0.025774
0.16889,-0.068591
0.16889,-0.068591
0.19011,-0.10954
0.19011,-0.10954
0.18865,-0.14559
0.18865,-0.14559
0.18257,-0.17161
0.18257,-0.17161
0.18257,-0.17161
0.14918,-0.18448
0.14918,-0.18448
0.14918,-0.18448
0.087231,-0.17937
0.087231,-0.17937
0.03257,-0.16781
0.03257,-0.16781
-0.031903,-0.14909
-0.031903,-0.14909
-0.093592,-0.12002
-0.093592,-0.12002
-0.14297,-0.080858
-0.14297,-0.080858
-0.16352,-0.057596
-0.18925,-0.0051978
-0.18925,-0.0051978
-0.18925,-0.0051978
-0.19158,0.050029
-0.18979,0.075528
-0.18979,0.075528
-0.16531,0.13585
-0.16531,0.13585
-0.13121,0.1576
-0.13121,0.1576
-0.083287,0.16335
-0.083287,0.16335
-0.083287,0.16335
0.010915,0.1391
0.010915,0.1391
0.07923,0.10602
0.07923,0.10602
0.13258,0.066901
0.13258,0.066901
0.1564,0.046018
0.17705,0.023259
0.19263,-5.4617e-4
0.20413,-0.024726
0.21175,-0.046548
0.21696,-0.068649
0.21696,-0.068649
0.21152,-0.12894
0.21152,-0.12894
0.19385,-0.1552
0.19385,-0.1552
0.16489,-0.1699
0.16489,-0.1699
0.11953,-0.1676
0.11953,-0.1676
0.059291,-0.16501
0.059291,-0.16501
0.059291,-0.16501
-0.04764,-0.14565
-0.04764,-0.14565
-0.11147,-0.11899
-0.11147,-0.11899
-0.1641,-0.081015
-0.1641,-0.081015
-0.1641,-0.081015
-0.19791,5.8827e-5
-0.19791,5.8827e-5
-0.19475,0.06284
-0.19475,0.06284
-0.18343,0.11823
-0.18343,0.11823
-0.15548,0.15699
-0.15548,0.15699
-0.15548,0.15699
-0.089156,0.17304
-0.089156,0.17304
-0.03125,0.15109
-0.03125,0.15109
0.028029,0.11384
0.060119,0.090076
0.086652,0.063593
0.11048,0.039861
0.11048,0.039861
0.14901,-0.013093
0.14901,-0.013093
0.14901,-0.013093
0.18775,-0.088766
0.18775,-0.088766
0.18775,-0.088766
0.1979,-0.13305
0.19705,-0.15183
0.19062,-0.17782
0.19062,-0.17782
0.17151,-0.18806
0.15724,-0.18572
0.139,-0.18393
0.11482,-0.18139
0.11482,-0.18139
0.059344,-0.16619
0.059344,-0.16619
-0.011028,-0.13931
-0.011028,-0.13931
-0.046918,-0.12105
-0.082412,-0.099233
-0.082412,-0.099233
-0.1438,-0.044712
-0.16647,-0.012779
-0.19184,0.056613
-0.19184,0.056613
-0.19184,0.056613
-0.19044,0.14127
-0.19044,0.14127
-0.19044,0.14127
-0.17224,0.17616
-0.15675,0.18541
-0.15675,0.18541
-0.11479,0.18293
-0.088014,0.17122
-0.028936,0.1327
-0.028936,0.1327
0.0024312,0.10686
0.034655,0.0836
0.06961,0.058939
0.098213,0.035662
0.1257,0.0093873
0.1257,0.0093873
0.17364,-0.043396
0.19223,-0.068685
0.19223,-0.068685
0.21615,-0.11436
0.22283,-0.13436
0.22283,-0.13436
0.21847,-0.16472
0.21633,-0.17319
0.20948,-0.17806
0.19877,-0.17845
0.18455,-0.17612
0.16585,-0.17585
0.14228,-0.17375
0.11527,-0.16879
0.083924,-0.1618
0.048469,-0.15263
0.011119,-0.14089
-0.026174,-0.12572
-0.026174,-0.12572
-0.026174,-0.12572
-0.12932,-0.062944
-0.15496,-0.036237
-0.17724,-0.0076512
-0.19249,0.022619
-0.20039,0.053442
-0.20125,0.08278
-0.20125,0.08278
-0.19375,0.13008
-0.18457,0.14623
-0.18457,0.14623
-0.15289,0.16855
-0.1324,0.17091
-0.1324,0.17091
-0.082062,0.15508
-0.051599,0.13995
-0.051599,0.13995
0.012349,0.095247
0.045206,0.075025
0.045206,0.075025
0.1041,0.029253
0.1041,0.029253
0.14898,-0.023393
0.16789,-0.047162
0.16789,-0.047162
0.19246,-0.093252
0.19884,-0.11173
0.19884,-0.11173
0.20079,-0.14465
0.20079,-0.14465
0.20079,-0.14465
0.18976,-0.16699
0.18976,-0.16699
0.16666,-0.16477
0.16666,-0.16477
0.12909,-0.16266
0.10431,-0.15984
0.10431,-0.15984
0.048854,-0.14794
-0.014301,-0.12712
-0.045769,-0.11273
-0.07869,-0.095536
-0.10423,-0.075086
-0.10423,-0.075086
-0.15152,-0.025146
-0.15152,-0.025146
-0.18009,0.031044
-0.18009,0.031044
-0.18566,0.082796
-0.18566,0.082796
-0.18399,0.10675
-0.1797,0.1246
-0.1797,0.1246
-0.14038,0.15626
-0.14038,0.15626
-0.087008,0.15334
-0.087008,0.15334
-0.023053,0.12943
-0.023053,0.12943
0.050038,0.093887
0.088938,0.071035
0.11798,0.050253
0.14416,0.02715
0.16681000000000001,0.0014888
0.16681000000000001,0.0014888
0.20075,-0.048094
0.20075,-0.048094
0.20075,-0.048094
0.22307,-0.11631
0.22307,-0.11631
0.22345,-0.13587
0.22283,-0.15112
0.21903,-0.16438
0.21215,-0.17471
0.21215,-0.17471
0.17012,-0.18034
0.17012,-0.18034
0.12081,-0.17819
0.12081,-0.17819
0.089775,-0.17547
0.05672,-0.17083
-0.022949,-0.15539
-0.022949,-0.15539
-0.062791,-0.1447
-0.10406,-0.13177
-0.10406,-0.13177
-0.16882,-0.096026
-0.19621,-0.074011
-0.23171,-0.021484
-0.23171,-0.021484
-0.23709,0.0076808
-0.23362,0.037919
-0.23362,0.037919
-0.22394,0.094345
-0.21145,0.11952
-0.19393,0.14195
-0.17165,0.16154
-0.14446,0.17709
-0.113,0.18899
-0.076099,0.19308
-0.039306,0.18849
-7.3589e-4,0.1819
0.040606,0.17037
0.040606,0.17037
0.11597,0.13409
0.14986,0.10704
0.18043,0.081284
0.20225,0.059984
0.20225,0.059984
0.23613,0.013445
0.24492,-0.0097383
0.24492,-0.0097383
0.25011,-0.052716
0.24819,-0.072444
0.24527,-0.090898
0.239,-0.10828
0.22877,-0.12367
0.21536,-0.13647
0.21536,-0.13647
0.17819,-0.15194
0.15301,-0.15596
0.12343,-0.1563
0.089762,-0.15387
0.054829,-0.15289
0.013849,-0.15122
-0.027068,-0.14907
-0.06635,-0.14711
-0.10811,-0.14156
-0.10811,-0.14156
-0.1388,-0.13494
-0.19449,-0.11606
-0.21424,-0.10299
-0.22649,-0.087539
-0.23029,-0.069212
-0.23029,-0.069212
-0.22544,-0.026325
-0.22544,-0.026325
-0.2084,0.020551
-0.19297,0.043289
-0.19297,0.043289
-0.14822,0.084072
-0.12012,0.10307
-0.12012,0.10307
-0.051384,0.13788
-0.051384,0.13788
0.021485,0.16057
0.021485,0.16057
0.094226,0.1691
0.12503,0.16592
0.12503,0.16592
0.17044,0.14529
0.17044,0.14529
0.20002,0.10805
0.20002,0.10805
0.21183,0.071793
0.21056,0.05377
0.21056,0.05377
0.20778,0.015978
0.20778,0.015978
0.19277,-0.020403
0.18006,-0.037047
0.18006,-0.037047
0.14465,-0.067702
0.14465,-0.067702
0.092088,-0.095788
0.092088,-0.095788
0.029722,-0.11744
0.029722,-0.11744
-0.041015,-0.13422
-0.041015,-0.13422
-0.1083,-0.13868
-0.1374,-0.13629
-0.1374,-0.13629
-0.18087,-0.13452
-0.18087,-0.13452
-0.20293,-0.13076
-0.20293,-0.13076
-0.20056,-0.11965
-0.20056,-0.11965
-0.19252,-0.1006
-0.1827,-0.087831
-0.1827,-0.087831
-0.14982,-0.053942
-0.12809,-0.032931
-0.12809,-0.032931
-0.12809,-0.032931
-0.039834,0.037473
-0.039834,0.037473
0.026505,0.08887
0.026505,0.08887
0.099725,0.14052
0.099725,0.14052
0.16169,0.18619
0.18935,0.19773
0.18935,0.19773
0.22947,0.20688
0.22947,0.20688
0.25623,0.20207
0.25623,0.20207
0.26962,0.18517
0.26962,0.18517
0.26791,0.15417
0.26791,0.15417
0.26791,0.15417
0.25175,0.074965
0.25175,0.074965
0.22334,0.032503
0.22334,0.032503
0.18238,-0.014904
0.18238,-0.014904
0.12641,-0.061415
0.12641,-0.061415
0.053257,-0.10525
0.053257,-0.10525
0.053257,-0.10525
-0.068936,-0.15671
-0.068936,-0.15671
-0.14233,-0.17895
-0.14233,-0.17895
-0.19523,-0.18656
-0.19523,-0.18656
-0.19523,-0.18656
-0.22297,-0.18303
-0.22297,-0.18303
-0.21672,-0.1796
-0.21672,-0.1796
-0.19395,-0.16756
-0.17599,-0.15904
-0.1541,-0.14769
-0.12881,-0.13338
-0.10042,-0.11582
-0.067435,-0.095444
-0.030529,-0.072112
0.0021247,-0.046976
0.037764,-0.020319
0.037764,-0.020319
0.10865,0.036629
0.10865,0.036629
0.10865,0.036629
0.17825,0.11974
